title,organization,location,date,time,duration,datetime_iso,distance,opportunity_type,opportunity_url,opportunity_id,organization_url,scraped_at
Graphic Designer (Volunteer),5-Eleven Hoops,Virtual (Virtual),Ongoing,,,2026-01-28T00:01:00Z,0 miles,Volunteer Opportunity,https://volunteer.laworks.com/opportunity/a0CQg0000AvhV7wMQE,a0CQg0000AvhV7wMQE,https://volunteer.laworks.com/organization/0013l00002MQHwlAAH,2026-02-11T17:58:24.250261
Social Media Manager (Volunteer),5-Eleven Hoops,Virtual (Virtual),Ongoing,,,2026-01-28T00:01:00Z,0 miles,Volunteer Opportunity,https://volunteer.laworks.com/opportunity/a0CQg0000AviPknMQE,a0CQg0000AviPknMQE,https://volunteer.laworks.com/organization/0013l00002MQHwlAAH,2026-02-11T17:58:24.269415
Fundraiser Volunteer,5-Eleven Hoops,Virtual (Virtual),Ongoing,,,2026-01-28T00:01:00Z,0 miles,Volunteer Opportunity,https://volunteer.laworks.com/opportunity/a0CQg0000AviajOMQQ,a0CQg0000AviajOMQQ,https://volunteer.laworks.com/organization/0013l00002MQHwlAAH,2026-02-11T17:58:24.286183
Mock Interviewing with Participants (Step into Tech),UNITE-LA,Zoom (Virtual),Ongoing,,,2026-02-05T00:01:00Z,0 miles,Volunteer Opportunity,https://volunteer.laworks.com/opportunity/a0CQg0000B2y8f6MQA,a0CQg0000B2y8f6MQA,https://volunteer.laworks.com/organization/0013l00002c5ehiAAA,2026-02-11T17:58:24.304484
"Make a Difference, Become a Mentor (Step into Tech)!",UNITE-LA,Zoom (Virtual),Ongoing,,,2026-03-10T00:01:00Z,0 miles,Volunteer Opportunity,https://volunteer.laworks.com/opportunity/a0CQg0000B2y8TlMQI,a0CQg0000B2y8TlMQI,https://volunteer.laworks.com/organization/0013l00002c5ehiAAA,2026-02-11T17:58:24.325376
ðŸŒŸ Be the Spark: Change a Childâ€™s Future with Just One Hour a Week,School on Wheels,Various Locations (Virtual),Ongoing,,,2025-12-31T00:01:00Z,0 miles,Volunteer Opportunity,https://volunteer.laworks.com/opportunity/a0CQg0000ALlMr4MQF,a0CQg0000ALlMr4MQF,https://volunteer.laworks.com/organization/001A000001FZLFlIAP,2026-02-11T17:58:24.340632
Networking with Participants (Step into Tech),UNITE-LA,Virtual (Virtual),Ongoing,,,2026-02-05T00:01:00Z,0 miles,Volunteer Opportunity,https://volunteer.laworks.com/opportunity/a0CQg0000B2xtf9MQA,a0CQg0000B2xtf9MQA,https://volunteer.laworks.com/organization/0013l00002c5ehiAAA,2026-02-11T17:58:24.362975
Coordinate A Book Drive for Little Free Libraries Near You,Little Free Library,Anywhere in the LA area where there are Little Free Libraries (Virtual),Ongoing,,,2024-10-10T00:01:00Z,0 miles,Volunteer Opportunity,https://volunteer.laworks.com/opportunity/a0CQg00003lwLQuMAM,a0CQg00003lwLQuMAM,https://volunteer.laworks.com/organization/001Qg00000JTvuPIAT,2026-02-11T17:58:24.381428
Distribute Books to Little Free Libraries Near You,Little Free Library,Anywhere in the LA area where there are Little Free Libraries (Virtual),Ongoing,,,2024-10-10T00:01:00Z,0 miles,Volunteer Opportunity,https://volunteer.laworks.com/opportunity/a0CQg00003lwE0JMAU,a0CQg00003lwE0JMAU,https://volunteer.laworks.com/organization/001Qg00000JTvuPIAT,2026-02-11T17:58:24.395840
Write a thank you note to a Little Free Library steward,Little Free Library,Anywhere in the LA area where there are Little Free Libraries (Virtual),Ongoing,,,2026-01-28T00:01:00Z,0 miles,Volunteer Opportunity,https://volunteer.laworks.com/opportunity/a0CQg0000Avg31xMQA,a0CQg0000Avg31xMQA,https://volunteer.laworks.com/organization/001Qg00000JTvuPIAT,2026-02-11T17:58:24.419435
Support Students in Need: Step Up Tutoring Info Session,Step Up Tutoring,Virtual (Virtual),2/26/26,12:00 PM,1 hour,2026-02-26T12:00:00Z,0 miles,Volunteer Opportunity,https://volunteer.laworks.com/opportunity/a0CQg0000B6rPpBMQU,a0CQg0000B6rPpBMQU,https://volunteer.laworks.com/organization/0013l00002HeTSuAAN,2026-02-11T17:58:24.438415
Building Native Habitat at Rio de Los Angeles State Park: TestPlot focused!,Los Angeles River State Park Partners,"Los Angeles, CA 90065",4/12/26,9:00 AM,2 hours,2026-04-12T09:00:00Z,1 miles,Volunteer Opportunity,https://volunteer.laworks.com/opportunity/a0CQg00009zgpg6MAA,a0CQg00009zgpg6MAA,https://volunteer.laworks.com/organization/0013l00002exhh5AAA,2026-02-11T17:58:24.455572
Community Work Day at La Esquinita Garden Park,MRCA,"Los Angeles, CA 90065",2/21/26,9:00 AM,3 hours,2026-02-21T09:00:00Z,2 miles,Volunteer Opportunity,https://volunteer.laworks.com/opportunity/a0CQg0000B0Ko4gMQC,a0CQg0000B0Ko4gMQC,https://volunteer.laworks.com/organization/001A000000a9afKIAQ,2026-02-11T17:58:24.471612
Harvest Fruit and Fight Hunger in East Los Angeles!,Food Forward,"Los Angeles, CA 90041",Ongoing,,,2024-02-22T00:01:00Z,2 miles,Special Event,https://volunteer.laworks.com/opportunity/a0CQg00001O2JEZMA3,a0CQg00001O2JEZMA3,https://volunteer.laworks.com/organization/001A000000ixpvaIAA,2026-02-11T17:58:24.485922
St. Barnabas Produce Distribution,St. Barnabas Episcopal Church,"Los Angeles, CA 90041",2/12/26,8:00 AM,2.5 hours,2026-02-12T08:00:00Z,2 miles,Volunteer Opportunity,https://volunteer.laworks.com/opportunity/a0CQg00009h6XhdMAE,a0CQg00009h6XhdMAE,https://volunteer.laworks.com/organization/0013l00002ZYpSAAA1,2026-02-11T17:58:24.502107
Help the Boys & Girls Club's Food Bank Distribution,Boys & Girls Club of Los Angeles,"Los Angeles, CA 90031",2/12/26,2:30 PM,3.5 hours,2026-02-12T14:30:00Z,2 miles,Volunteer Opportunity,https://volunteer.laworks.com/opportunity/a0CQg00009OqDF6MAN,a0CQg00009OqDF6MAN,https://volunteer.laworks.com/organization/001A000000a9a2oIAA,2026-02-11T17:58:24.518180
Fight Food Waste at the Atwater Village Farmers Market on Sundays!,Food Forward,"Los Angeles, CA 90039",Ongoing,,,2024-06-10T00:01:00Z,2 miles,Volunteer Opportunity,https://volunteer.laworks.com/opportunity/a0CQg00002Rf8voMAB,a0CQg00002Rf8voMAB,https://volunteer.laworks.com/organization/001A000000ixpvaIAA,2026-02-11T17:58:24.532810
VILLAGE VOLUNTEER DAY THIS VALENTINE'S WEEKEND,Anawakalmekak,"Los Angeles, CA 90042",2/14/26,7:45 AM,3.75 hours,2026-02-14T07:45:00Z,2 miles,Volunteer Opportunity,https://volunteer.laworks.com/opportunity/a0CQg0000AuWqRXMQ0,a0CQg0000AuWqRXMQ0,https://volunteer.laworks.com/organization/001Qg00000kedHzIAI,2026-02-11T17:58:24.553934
Food Pantry Distribution- St. Athanasius,Seeds of Hope,"Los Angeles, CA 90026",2/13/26,7:00 AM,3 hours,2026-02-13T07:00:00Z,3 miles,Volunteer Opportunity,https://volunteer.laworks.com/opportunity/a0CQg0000B24hxIMQQ,a0CQg0000B24hxIMQQ,https://volunteer.laworks.com/organization/0013l00002d3jkZAAQ,2026-02-11T17:58:24.571994
Barnsdall Art Park Community Green Day,Barnsdall Art Park Foundation,"Los Angeles, CA 90027",3/1/26,9:00 AM,2 hours,2026-03-01T09:00:00Z,4 miles,Volunteer Opportunity,https://volunteer.laworks.com/opportunity/a0CQg0000AUniT1MQJ,a0CQg0000AUniT1MQJ,https://volunteer.laworks.com/organization/001Qg00000dcH7sIAE,2026-02-11T17:58:24.588951
Food Run Ride Along,Serve LA,"Los Angeles, CA 90029",Ongoing,,,2026-02-03T00:01:00Z,4 miles,Volunteer Opportunity,https://volunteer.laworks.com/opportunity/a0CQg0000AxXYMTMQ4,a0CQg0000AxXYMTMQ4,https://volunteer.laworks.com/organization/0013l00002d3rG4AAI,2026-02-11T17:58:24.603989
Evening Support,Serve LA,"Los Angeles, CA 90029",2/11/26,6:00 PM,2 hours,2026-02-11T18:00:00Z,4 miles,Volunteer Opportunity,https://volunteer.laworks.com/opportunity/a0CQg0000AYKveUMQT,a0CQg0000AYKveUMQT,https://volunteer.laworks.com/organization/0013l00002d3rG4AAI,2026-02-11T17:58:24.626988
Community Breakfast Meal Prep & Hosting,Serve LA,"Los Angeles, CA 90029",2/12/26,7:30 AM,3.5 hours,2026-02-12T07:30:00Z,4 miles,Volunteer Opportunity,https://volunteer.laworks.com/opportunity/a0CQg0000AYKRNOMQ5,a0CQg0000AYKRNOMQ5,https://volunteer.laworks.com/organization/0013l00002d3rG4AAI,2026-02-11T17:58:24.648960
Community Breakfast Meal Prep,Serve LA,"Los Angeles, CA 90029",2/12/26,7:30 AM,1.5 hours,2026-02-12T07:30:00Z,4 miles,Volunteer Opportunity,https://volunteer.laworks.com/opportunity/a0CQg0000AYKYYpMQP,a0CQg0000AYKYYpMQP,https://volunteer.laworks.com/organization/0013l00002d3rG4AAI,2026-02-11T17:58:24.669223
Shower Attendant,Serve LA,"Los Angeles, CA 90029",2/12/26,8:45 AM,3 hours,2026-02-12T08:45:00Z,4 miles,Volunteer Opportunity,https://volunteer.laworks.com/opportunity/a0CQg0000AYKxDEMQ1,a0CQg0000AYKxDEMQ1,https://volunteer.laworks.com/organization/0013l00002d3rG4AAI,2026-02-11T17:58:24.690528
Community Breakfast Meal Hosting,Serve LA,"Los Angeles, CA 90029",2/12/26,9:00 AM,2 hours,2026-02-12T09:00:00Z,4 miles,Volunteer Opportunity,https://volunteer.laworks.com/opportunity/a0CQg0000AYKYwqMQH,a0CQg0000AYKYwqMQH,https://volunteer.laworks.com/organization/0013l00002d3rG4AAI,2026-02-11T17:58:24.710044
Food Sorter,Serve LA,"Los Angeles, CA 90029",2/12/26,10:30 AM,2 hours,2026-02-12T10:30:00Z,4 miles,Volunteer Opportunity,https://volunteer.laworks.com/opportunity/a0CQg0000AxXjp1MQC,a0CQg0000AxXjp1MQC,https://volunteer.laworks.com/organization/0013l00002d3rG4AAI,2026-02-11T17:58:24.726786
Community Meals: Mid-Day Support,Serve LA,"Los Angeles, CA 90029",2/12/26,12:00 PM,3 hours,2026-02-12T12:00:00Z,4 miles,Volunteer Opportunity,https://volunteer.laworks.com/opportunity/a0CQg0000AYKx20MQD,a0CQg0000AYKx20MQD,https://volunteer.laworks.com/organization/0013l00002d3rG4AAI,2026-02-11T17:58:24.745131
Community Dinner Meal Prep 1,Serve LA,"Los Angeles, CA 90029",2/12/26,1:00 PM,2 hours,2026-02-12T13:00:00Z,4 miles,Volunteer Opportunity,https://volunteer.laworks.com/opportunity/a0CQg0000AYKar5MQD,a0CQg0000AYKar5MQD,https://volunteer.laworks.com/organization/0013l00002d3rG4AAI,2026-02-11T17:58:24.762119
Community Dinner Meal Prep 2,Serve LA,"Los Angeles, CA 90029",2/12/26,2:30 PM,2 hours,2026-02-12T14:30:00Z,4 miles,Volunteer Opportunity,https://volunteer.laworks.com/opportunity/a0CQg0000AYKsn7MQD,a0CQg0000AYKsn7MQD,https://volunteer.laworks.com/organization/0013l00002d3rG4AAI,2026-02-11T17:58:24.777658
Community Dinner Meal Hosting,Serve LA,"Los Angeles, CA 90029",2/12/26,4:00 PM,2 hours,2026-02-12T16:00:00Z,4 miles,Volunteer Opportunity,https://volunteer.laworks.com/opportunity/a0CQg0000AYKeSTMQ1,a0CQg0000AYKeSTMQ1,https://volunteer.laworks.com/organization/0013l00002d3rG4AAI,2026-02-11T17:58:24.796134
Community Dinner Meal Hosting + Evening Support,Serve LA,"Los Angeles, CA 90029",2/12/26,4:00 PM,4 hours,2026-02-12T16:00:00Z,4 miles,Volunteer Opportunity,https://volunteer.laworks.com/opportunity/a0CQg0000AYKKfEMQX,a0CQg0000AYKKfEMQX,https://volunteer.laworks.com/organization/0013l00002d3rG4AAI,2026-02-11T17:58:24.812258
Blanket & Cold Weather Clothing Drive - Give the Gift of Warmth,PATH,"Los Angeles, CA 90004",Ongoing,,,2022-10-04T00:01:00Z,4 miles,Special Event,https://volunteer.laworks.com/opportunity/a0C3l00000r5N9yEAE,a0C3l00000r5N9yEAE,https://volunteer.laworks.com/organization/0013l0000216i40AAA,2026-02-11T17:58:24.825632
Inspire and Build Students' Career Skills,Youth Business Alliance,"Los Angeles, CA 90004",3/12/26,8:30 AM,3.6 hours,2026-03-12T08:30:00Z,4 miles,Volunteer Opportunity,https://volunteer.laworks.com/opportunity/a0CQg0000B0L2qnMQC,a0CQg0000B0L2qnMQC,https://volunteer.laworks.com/organization/001Qg00000htSe1IAE,2026-02-11T17:58:24.843100
Inspire and Build Students' Career Skills: Mock Interviews,Youth Business Alliance,"Los Angeles, CA 90004",3/13/26,8:30 AM,3.6 hours,2026-03-13T08:30:00Z,4 miles,Already Filled,https://volunteer.laworks.com/opportunity/a0CQg0000B0LBcpMQG,a0CQg0000B0LBcpMQG,https://volunteer.laworks.com/organization/001Qg00000htSe1IAE,2026-02-11T17:58:24.859061
Counselor Advocate Training Winter 2026,Peace Over Violence,"Los Angeles, CA 90017",2/14/26,9:00 AM,8 hours,2026-02-14T09:00:00Z,5 miles,Volunteer Opportunity,https://volunteer.laworks.com/opportunity/a0CQg00009SRb2mMAD,a0CQg00009SRb2mMAD,https://volunteer.laworks.com/organization/001A000000a9afJIAQ,2026-02-11T17:58:24.875897
Event Day Volunteer at Fight For Air Climb Los Angeles,American Lung Association Los Angeles,"Los Angeles, CA 90017",2/22/26,6:30 AM,7 hours,2026-02-22T06:30:00Z,5 miles,Volunteer Opportunity,https://volunteer.laworks.com/opportunity/a0CQg0000AAuZZjMQN,a0CQg0000AAuZZjMQN,https://volunteer.laworks.com/organization/001Qg0000045cGsIAI,2026-02-11T17:58:24.892421
Heart of Los Angeles: Scholarship Mentor Program 2026,Heart of Los Angeles (HOLA),"Los Angeles, CA 90057",2/18/26,6:00 PM,1.25 hours,2026-02-18T18:00:00Z,5 miles,Volunteer Opportunity,https://volunteer.laworks.com/opportunity/a0CQg0000AVhromMQB,a0CQg0000AVhromMQB,https://volunteer.laworks.com/organization/001A000000a9aOjIAI,2026-02-11T17:58:24.908027
ðŸŒŸ Bring Hope to Skid Rowâ€”Volunteer After School! ðŸŒŸ,School on Wheels,"Los Angeles, CA 90021",Ongoing,,,2025-12-31T00:01:00Z,5 miles,Volunteer Opportunity,https://volunteer.laworks.com/opportunity/a0CQg0000ALlYpvMQF,a0CQg0000ALlYpvMQF,https://volunteer.laworks.com/organization/001A000001FZLFlIAP,2026-02-11T17:58:24.920999
Fountain Community Garden Volunteer Day,Fountain Community Gardens,"Los Angeles, CA 90028",2/14/26,10:00 AM,2 hours,2026-02-14T10:00:00Z,5 miles,Volunteer Opportunity,https://volunteer.laworks.com/opportunity/a0CQg0000ATr4cRMQR,a0CQg0000ATr4cRMQR,https://volunteer.laworks.com/organization/001Qg000001tpuCIAQ,2026-02-11T17:58:24.936468
Spring Day Camp Volunteers,The Salvation Army,"Los Angeles, CA 90015",3/30/26,8:30 AM,5.5 hours,2026-03-30T08:30:00Z,5 miles,Volunteer Opportunity,https://volunteer.laworks.com/opportunity/a0CQg0000B2xZcUMQU,a0CQg0000B2xZcUMQU,https://volunteer.laworks.com/organization/001A000001B975lIAB,2026-02-11T17:58:24.953491
Drive cancer patients to and from treatment - Volunteer Driver Road To Recovery,American Cancer Society Los Angeles Region,"Los Angeles, CA 90010",Ongoing,,,2026-02-02T00:01:00Z,5 miles,Volunteer Opportunity,https://volunteer.laworks.com/opportunity/a0CQg0000B0MVSaMQO,a0CQg0000B0MVSaMQO,https://volunteer.laworks.com/organization/001A000000a9a5rIAA,2026-02-11T17:58:24.966263
Meal Provider Volunteer,Safe Parking LA - A project of Community Partners,"Los Angeles, CA 90025",Ongoing,,,2026-01-05T00:01:00Z,5 miles,Volunteer Opportunity,https://volunteer.laworks.com/opportunity/a0CQg0000AP3nX0MQJ,a0CQg0000AP3nX0MQJ,https://volunteer.laworks.com/organization/0013l00002ZZMj0AAH,2026-02-11T17:58:24.979406
Lot Host Volunteer,Safe Parking LA - A project of Community Partners,"Los Angeles, CA 90025",Ongoing,,,2026-01-05T00:01:00Z,5 miles,Volunteer Opportunity,https://volunteer.laworks.com/opportunity/a0CQg0000ARwJFMMQ3,a0CQg0000ARwJFMMQ3,https://volunteer.laworks.com/organization/0013l00002ZZMj0AAH,2026-02-11T17:58:24.992047
Events Volunteer for Safe Parking LA,Safe Parking LA - A project of Community Partners,"Los Angeles, CA 90025",2/13/26,8:00 AM,14 hours,2026-02-13T08:00:00Z,5 miles,Volunteer Opportunity,https://volunteer.laworks.com/opportunity/a0CQg00008gHkqJMAS,a0CQg00008gHkqJMAS,https://volunteer.laworks.com/organization/0013l00002ZZMj0AAH,2026-02-11T17:58:25.006961
Fight Food Waste at the Social District (DTLA) Farmers Market on Saturdays!,Food Forward,"Los Angeles, CA 90015",Ongoing,,,2025-09-29T00:01:00Z,5 miles,Volunteer Opportunity,https://volunteer.laworks.com/opportunity/a0CQg000093L7OQMA0,a0CQg000093L7OQMA0,https://volunteer.laworks.com/organization/001A000000ixpvaIAA,2026-02-11T17:58:25.058963
"American Red Cross - Disaster Action Team- South LA, West LA, DTLA, Koreatown,",American Red Cross Los Angeles Region,"Los Angeles, CA 90021",Ongoing,,,2022-08-16T00:01:00Z,5 miles,Already Filled,https://volunteer.laworks.com/opportunity/a0C3l00000r4dsPEAQ,a0C3l00000r4dsPEAQ,https://volunteer.laworks.com/organization/001A000000a9b0aIAA,2026-02-11T17:58:25.086000
American Red Cross: Disaster Recovery - Glendale * Pomona * San Gabriel Valley,American Red Cross Los Angeles Region,"Los Angeles, CA 90021",Ongoing,,,2022-09-14T00:01:00Z,5 miles,Volunteer Opportunity,https://volunteer.laworks.com/opportunity/a0C3l00000r52RCEAY,a0C3l00000r52RCEAY,https://volunteer.laworks.com/organization/001A000000a9b0aIAA,2026-02-11T17:58:25.105367
American Red Cross: Service to the armed Forces Presenters,American Red Cross Los Angeles Region,"Los Angeles, CA 90021",Ongoing,,,2023-10-26T00:01:00Z,5 miles,Volunteer Opportunity,https://volunteer.laworks.com/opportunity/a0CQg00000FPqcjMAD,a0CQg00000FPqcjMAD,https://volunteer.laworks.com/organization/001A000000a9b0aIAA,2026-02-11T17:58:25.122080
Red Cross: Service to the Armed Forces Presenter - Metro Southeast LA,American Red Cross Los Angeles Region,"Los Angeles, CA 90021",Ongoing,,,2023-12-20T00:01:00Z,5 miles,Volunteer Opportunity,https://volunteer.laworks.com/opportunity/a0CQg00000moSIkMAM,a0CQg00000moSIkMAM,https://volunteer.laworks.com/organization/001A000000a9b0aIAA,2026-02-11T17:58:25.135648
"International Services Restoring Family Links Program Volunteer Comm, Outreach",American Red Cross Los Angeles Region,"Los Angeles, CA 90021",Ongoing,,,2024-01-01T00:01:00Z,5 miles,Volunteer Opportunity,https://volunteer.laworks.com/opportunity/a0CQg000019MWOXMA4,a0CQg000019MWOXMA4,https://volunteer.laworks.com/organization/001A000000a9b0aIAA,2026-02-11T17:58:25.148831
Red Cross - Home Fire Campaign Team Member,American Red Cross Los Angeles Region,"Los Angeles, CA 90021",Ongoing,,,2025-09-17T00:01:00Z,5 miles,Volunteer Opportunity,https://volunteer.laworks.com/opportunity/a0CQg00008skW1hMAE,a0CQg00008skW1hMAE,https://volunteer.laworks.com/organization/001A000000a9b0aIAA,2026-02-11T17:58:25.162727
YMCA Boyle Heights Food Distribution Support,YMCA Weingart East Los Angeles,"Los Angeles, CA 90023",2/16/26,8:30 AM,3.5 hours,2026-02-16T08:30:00Z,5 miles,Volunteer Opportunity,https://volunteer.laworks.com/opportunity/a0CQg00007OUMzjMAH,a0CQg00007OUMzjMAH,https://volunteer.laworks.com/organization/001A000000a9aoJIAQ,2026-02-11T17:58:25.178483
SAINT STEPHEN'S PRODUCE DISTRIBUTION,St. Stephens Episcopal Church,"Los Angeles, CA 90028",2/18/26,8:30 AM,2.5 hours,2026-02-18T08:30:00Z,6 miles,Volunteer Opportunity,https://volunteer.laworks.com/opportunity/a0CQg00009h6mLVMAY,a0CQg00009h6mLVMAY,https://volunteer.laworks.com/organization/0013l00002c4iYKAAY,2026-02-11T17:58:25.194198
Support Red Cross Blood Drives - Volunteer! (Los Angeles),American Red Cross Los Angeles Region,"Los Angeles, CA 90021",Ongoing,,,2024-01-04T00:01:00Z,6 miles,Volunteer Opportunity,https://volunteer.laworks.com/opportunity/a0CQg00000u5Q6kMAE,a0CQg00000u5Q6kMAE,https://volunteer.laworks.com/organization/001A000000a9b0aIAA,2026-02-11T17:58:25.209161
LEND A HAND: Provide Support to Transitional Families,Alexandria House,"Los Angeles, CA 90020",3/15/26,10:00 AM,3 hours,2026-03-15T10:00:00Z,6 miles,Volunteer Opportunity,https://volunteer.laworks.com/opportunity/a0CQg00009Z8TdkMAF,a0CQg00009Z8TdkMAF,https://volunteer.laworks.com/organization/001A000000a9aOvIAI,2026-02-11T17:58:25.225185
Pantry Program - Help Distribute Food To Those In Need!,St. Francis Center,"Los Angeles, CA 90015",2/12/26,9:00 AM,3 hours,2026-02-12T09:00:00Z,6 miles,Special Event,https://volunteer.laworks.com/opportunity/a0CQg0000ArGqezMQC,a0CQg0000ArGqezMQC,https://volunteer.laworks.com/organization/001A000000a9a5ZIAQ,2026-02-11T17:58:25.241084
Breakfast - Help Prepare & Distribute Breakfast to our Unhoused Community,St. Francis Center,"Los Angeles, CA 90015",2/13/26,7:00 AM,1.5 hours,2026-02-13T07:00:00Z,6 miles,Volunteer Opportunity,https://volunteer.laworks.com/opportunity/a0CQg0000ArGYMaMQO,a0CQg0000ArGYMaMQO,https://volunteer.laworks.com/organization/001A000000a9a5ZIAQ,2026-02-11T17:58:25.256588
Fight Food Waste at the Hollywood Farmers Market on Sundays!,Food Forward,"Los Angeles, CA 90028",Ongoing,,,2022-03-30T00:01:00Z,6 miles,Volunteer Opportunity,https://volunteer.laworks.com/opportunity/a0C3l00000ojWwhEAE,a0C3l00000ojWwhEAE,https://volunteer.laworks.com/organization/001A000000ixpvaIAA,2026-02-11T17:58:25.269967
Restore an Altadena School Garden for Youth Eaton Fire Survivors,John Muir High School Early College Magnet,"Pasadena, CA 91103",2/28/26,9:00 AM,3 hours,2026-02-28T09:00:00Z,6 miles,Special Event,https://volunteer.laworks.com/opportunity/a0CQg0000A8htm9MQA,a0CQg0000A8htm9MQA,https://volunteer.laworks.com/organization/001Qg000004mTiIIAU,2026-02-11T17:58:25.287467
Food Pantry - Help Distribute Produce to community members in South Central,Universal Community Health Center,"Los Angeles, CA 90011",2/14/26,7:30 AM,3.25 hours,2026-02-14T07:30:00Z,6 miles,Volunteer Opportunity,https://volunteer.laworks.com/opportunity/a0CQg0000AYLdYjMQL,a0CQg0000AYLdYjMQL,https://volunteer.laworks.com/organization/001Qg00000HSVNKIA5,2026-02-11T17:58:25.304876
Read Aloud to Children Each Month,Reading to Kids,"Los Angeles, CA 90006",2/14/26,9:00 AM,3 hours,2026-02-14T09:00:00Z,6 miles,Volunteer Opportunity,https://volunteer.laworks.com/opportunity/a0CQg00004hDq3FMAS,a0CQg00004hDq3FMAS,https://volunteer.laworks.com/organization/001A000000a9ZzUIAU,2026-02-11T17:58:25.320034
Staff A Free Store for Eaton Fire Survivors,Eaton Fire Collaborative,"Altadena, CA 91001",2/12/26,9:00 AM,5 hours,2026-02-12T09:00:00Z,6 miles,Special Event,https://volunteer.laworks.com/opportunity/a0CQg0000ACZgoaMQD,a0CQg0000ACZgoaMQD,https://volunteer.laworks.com/organization/001Qg00000eashCIAQ,2026-02-11T17:58:25.335648
Restock A Free Store for Eaton Fire Survivors,Eaton Fire Collaborative,"Altadena, CA 91001",2/18/26,10:00 AM,6 hours,2026-02-18T10:00:00Z,6 miles,Special Event,https://volunteer.laworks.com/opportunity/a0CQg0000ACYDzMMQX,a0CQg0000ACYDzMMQX,https://volunteer.laworks.com/organization/001Qg00000eashCIAQ,2026-02-11T17:58:25.351199
Pack Groceries and Home/Hygiene Essentials for Families in Need in South Central,A Place Called Home,"Los Angeles, CA 90011",2/26/26,9:30 AM,2.5 hours,2026-02-26T09:30:00Z,7 miles,Volunteer Opportunity,https://volunteer.laworks.com/opportunity/a0CQg0000ApxhJRMQY,a0CQg0000ApxhJRMQY,https://volunteer.laworks.com/organization/001A000000a9a74IAA,2026-02-11T17:58:25.366160
Volunteer with our Food Pantry Program,First AME Church,"Los Angeles, CA 90018",3/28/26,7:00 AM,5 hours,2026-03-28T07:00:00Z,7 miles,Volunteer Opportunity,https://volunteer.laworks.com/opportunity/a0CQg0000ADObHPMQ1,a0CQg0000ADObHPMQ1,https://volunteer.laworks.com/organization/001A000001EbnH8IAJ,2026-02-11T17:58:25.381278
Inspire and Build Students' Career Skills,Youth Business Alliance,"Los Angeles, CA 90007",3/5/26,1:50 PM,1.67 hours,2026-03-05T13:50:00Z,7 miles,Volunteer Opportunity,https://volunteer.laworks.com/opportunity/a0CQg0000B7xPNQMQ2,a0CQg0000B7xPNQMQ2,https://volunteer.laworks.com/organization/001Qg00000htSe1IAE,2026-02-11T17:58:25.396605
Food Pantry Distribution-Plummer Park,Seeds of Hope,"Los Angeles, CA 90046",2/17/26,9:30 AM,2.5 hours,2026-02-17T09:30:00Z,7 miles,Volunteer Opportunity,https://volunteer.laworks.com/opportunity/a0CQg0000B2yRWSMQ2,a0CQg0000B2yRWSMQ2,https://volunteer.laworks.com/organization/0013l00002d3jkZAAQ,2026-02-11T17:58:25.413586
Volunteers Needed at Tail Town Cats!,Tail Town Cats,"Pasadena, CA 91104",Ongoing,,,2025-07-19T00:01:00Z,8 miles,Volunteer Opportunity,https://volunteer.laworks.com/opportunity/a0CQg00007zxB1tMAE,a0CQg00007zxB1tMAE,https://volunteer.laworks.com/organization/001Qg00000YJqdhIAD,2026-02-11T17:58:25.431597
Volunteer Promoter for Tail Town Cats,Tail Town Cats,"Pasadena, CA 91104",Ongoing,,,2025-12-09T00:01:00Z,8 miles,Volunteer Opportunity,https://volunteer.laworks.com/opportunity/a0CQg0000A3pn1RMQQ,a0CQg0000A3pn1RMQQ,https://volunteer.laworks.com/organization/001Qg00000YJqdhIAD,2026-02-11T17:58:25.450558
Construction Volunteering in Altadenaâ€”No Experience Needed,Habitat for Humanity San Gabriel Valley,"Altadena, CA 91001",2/18/26,7:45 AM,7.75 hours,2026-02-18T07:45:00Z,8 miles,Special Event,https://volunteer.laworks.com/opportunity/a0CQg0000B2wN38MQE,a0CQg0000B2wN38MQE,https://volunteer.laworks.com/organization/001A000001AcvLIIAZ,2026-02-11T17:58:25.473749
"Support Red Cross Fixed Site Blood Drives - Volunteer! (Burbank, CA)",American Red Cross Los Angeles Region,"Burbank, CA 91505",Ongoing,,,2022-12-28T00:01:00Z,8 miles,Volunteer Opportunity,https://volunteer.laworks.com/opportunity/a0C3l00000r6hSPEAY,a0C3l00000r6hSPEAY,https://volunteer.laworks.com/organization/001A000000a9b0aIAA,2026-02-11T17:58:25.491911
Fight Food Waste at the West Hollywood Farmers Market on Mondays!,Food Forward,"West Hollywood, CA 90046",Ongoing,,,2024-02-26T00:01:00Z,8 miles,Volunteer Opportunity,https://volunteer.laworks.com/opportunity/a0CQg00001A2CZlMAN,a0CQg00001A2CZlMAN,https://volunteer.laworks.com/organization/001A000000ixpvaIAA,2026-02-11T17:58:25.507797
Harvest Fruit and Fight Hunger in San Gabriel Valley!,Food Forward,"San Gabriel, CA 91775",Ongoing,,,2024-05-29T00:01:00Z,8 miles,Volunteer Opportunity,https://volunteer.laworks.com/opportunity/a0CQg00002KEhWnMAL,a0CQg00002KEhWnMAL,https://volunteer.laworks.com/organization/001A000000ixpvaIAA,2026-02-11T17:58:25.532255
Kids Club Volunteer â€“ Homework Help & Enrichment,Retirement Housing Foundation,"Los Angeles, CA 90037",Ongoing,,,2026-02-10T00:01:00Z,8 miles,Volunteer Opportunity,https://volunteer.laworks.com/opportunity/a0CQg0000AYIsEAMQ1,a0CQg0000AYIsEAMQ1,https://volunteer.laworks.com/organization/001Qg00000jFra0IAC,2026-02-11T17:58:25.548623
Bingo Instructor for Senior Community,Retirement Housing Foundation,"Los Angeles, CA 90037",2/18/26,2:00 PM,1 hour,2026-02-18T14:00:00Z,8 miles,Volunteer Opportunity,https://volunteer.laworks.com/opportunity/a0CQg0000AJ9c0ZMQR,a0CQg0000AJ9c0ZMQR,https://volunteer.laworks.com/organization/001Qg00000jFra0IAC,2026-02-11T17:58:25.565573
Bingo Instructor for Senior Community,Retirement Housing Foundation,"Los Angeles, CA 90037",Ongoing,,,2026-02-11T00:01:00Z,8 miles,Volunteer Opportunity,https://volunteer.laworks.com/opportunity/a0CQg0000AYITZGMQ5,a0CQg0000AYITZGMQ5,https://volunteer.laworks.com/organization/001Qg00000jFra0IAC,2026-02-11T17:58:25.579699
Harvest Fruit and Fight Hunger in Central Los Angeles!,Food Forward,"Toluca Lake, CA 91602",Ongoing,,,2024-02-22T00:01:00Z,8 miles,Volunteer Opportunity,https://volunteer.laworks.com/opportunity/a0CQg00001O2Q3NMAV,a0CQg00001O2Q3NMAV,https://volunteer.laworks.com/organization/001A000000ixpvaIAA,2026-02-11T17:58:25.595997
Clean Ride Crew - Venice Blvd.,Streets Are For Everyone,"Los Angeles, CA 90232",2/28/26,9:30 AM,2.5 hours,2026-02-28T09:30:00Z,9 miles,Volunteer Opportunity,https://volunteer.laworks.com/opportunity/a0CQg0000B3tXfcMQE,a0CQg0000B3tXfcMQE,https://volunteer.laworks.com/organization/001A000001P7hcqIAB,2026-02-11T17:58:25.618550
Fight Food Waste at the Melrose Place Farmers Market on Sundays!,Food Forward,"West Hollywood, CA 90069",Ongoing,,,2023-05-14T00:01:00Z,9 miles,Volunteer Opportunity,https://volunteer.laworks.com/opportunity/a0C3l00000tWHFnEAO,a0C3l00000tWHFnEAO,https://volunteer.laworks.com/organization/001A000000ixpvaIAA,2026-02-11T17:58:25.635594
Land Restoration Workday - Day 2: Final Mulch Layer Altadena Post-Fire Soil Reme,Community Compound: Dena Soil Project,"Altadena, CA 91001",2/25/26,10:00 AM,5 hours,2026-02-25T10:00:00Z,9 miles,Volunteer Opportunity,https://volunteer.laworks.com/opportunity/a0CQg0000B8YUxtMQG,a0CQg0000B8YUxtMQG,https://volunteer.laworks.com/organization/001Qg00000iV6G3IAK,2026-02-11T17:58:25.658994
Help our Unhoused Neighbors in North Hollywood,NoHo Home Alliance,"Los Angeles, CA 91602",Ongoing,,,2023-08-22T00:01:00Z,9 miles,Volunteer Opportunity,https://volunteer.laworks.com/opportunity/a0C3l00000rUgqbEAC,a0C3l00000rUgqbEAC,https://volunteer.laworks.com/organization/0013l00002WBJSEAA5,2026-02-11T17:58:25.674355
Together we can make a difference. Help Unhoused Neighbors in North Hollywood,NoHo Home Alliance,"Los Angeles, CA 91602",2/18/26,8:15 AM,3.5 hours,2026-02-18T08:15:00Z,9 miles,Volunteer Opportunity,https://volunteer.laworks.com/opportunity/a0CQg0000B3u4ciMQA,a0CQg0000B3u4ciMQA,https://volunteer.laworks.com/organization/0013l00002WBJSEAA5,2026-02-11T17:58:25.690115
Food Recovery Volunteers- MONDAY(Heart of Compassion),Heart of Compassion Distribution,"Montebello, CA 90640",2/23/26,8:30 AM,3 hours,2026-02-23T08:30:00Z,9 miles,Volunteer Opportunity,https://volunteer.laworks.com/opportunity/a0CQg0000ASp9yrMQB,a0CQg0000ASp9yrMQB,https://volunteer.laworks.com/organization/0013l00002He65EAAR,2026-02-11T17:58:25.706014
Food Distribution Volunteers-TUESDAY (Heart of Compassion),Heart of Compassion Distribution,"Montebello, CA 90640",2/17/26,8:45 AM,2.75 hours,2026-02-17T08:45:00Z,9 miles,Volunteer Opportunity,https://volunteer.laworks.com/opportunity/a0CQg0000ASkamjMQB,a0CQg0000ASkamjMQB,https://volunteer.laworks.com/organization/0013l00002He65EAAR,2026-02-11T17:58:25.721304
Food Distribution Volunteers- WEDNESDAY(Heart of Compassion),Heart of Compassion Distribution,"Montebello, CA 90640",2/18/26,8:45 AM,2.75 hours,2026-02-18T08:45:00Z,9 miles,Volunteer Opportunity,https://volunteer.laworks.com/opportunity/a0CQg0000ASkw5SMQR,a0CQg0000ASkw5SMQR,https://volunteer.laworks.com/organization/0013l00002He65EAAR,2026-02-11T17:58:25.736552
Standby Volunteer for Ace of Hearts Dog Rescue!,Ace of Hearts,"West Hollywood, CA 90048",Ongoing,,,2026-01-25T00:01:00Z,10 miles,Volunteer Opportunity,https://volunteer.laworks.com/opportunity/a0CQg0000AsfjF3MQI,a0CQg0000AsfjF3MQI,https://volunteer.laworks.com/organization/0011N00001nuU4wQAE,2026-02-11T17:58:25.750252
Ace of Hearts Adoption Event,Ace of Hearts,"West Hollywood, CA 90048",2/14/26,3:00 PM,3 hours,2026-02-14T15:00:00Z,10 miles,Volunteer Opportunity,https://volunteer.laworks.com/opportunity/a0CQg0000B2x9i1MQA,a0CQg0000B2x9i1MQA,https://volunteer.laworks.com/organization/0011N00001nuU4wQAE,2026-02-11T17:58:25.766292
Adoption and Fundraising Event 2/14,Ace of Hearts,"West Hollywood, CA 90048",2/14/26,3:00 PM,3 hours,2026-02-14T15:00:00Z,10 miles,Volunteer Opportunity,https://volunteer.laworks.com/opportunity/a0CQg0000B2wYRDMQ2,a0CQg0000B2wYRDMQ2,https://volunteer.laworks.com/organization/0011N00001nuU4wQAE,2026-02-11T17:58:25.784723
Volunteer for Emergency Child Care Network,National Emergency Child Care Network,"Firestone Park, CA 90001",Ongoing,,,2025-03-04T00:01:00Z,10 miles,Volunteer Opportunity,https://volunteer.laworks.com/opportunity/a0CQg00005pQpTgMAK,a0CQg00005pQpTgMAK,https://volunteer.laworks.com/organization/001Qg00000Nf5JWIAZ,2026-02-11T17:58:25.797905
"Project Leaders: Help Support a Public Art Event: ""Attune""",NXT Art Foundation,"Los Angeles, CA 90001",2/14/26,3:00 PM,3 hours,2026-02-14T15:00:00Z,10 miles,Volunteer Opportunity,https://volunteer.laworks.com/opportunity/a0CQg0000AkMHMIMQ4,a0CQg0000AkMHMIMQ4,https://volunteer.laworks.com/organization/001Qg00000H7Q6LIAV,2026-02-11T17:58:25.813120
Attune,NXT Art Foundation,"Los Angeles, CA 90001",2/14/26,3:00 PM,6 hours,2026-02-14T15:00:00Z,10 miles,Volunteer Opportunity,https://volunteer.laworks.com/opportunity/a0CQg00009zfbbzMAA,a0CQg00009zfbbzMAA,https://volunteer.laworks.com/organization/001Qg00000H7Q6LIAV,2026-02-11T17:58:25.829007
American Red Cross - Blood Delivery Driver (Culver City) - Van Provided,American Red Cross Los Angeles Region,"Culver City, CA 90016",Ongoing,,,2022-08-10T00:01:00Z,10 miles,Volunteer Opportunity,https://volunteer.laworks.com/opportunity/a0C3l00000r4ZaSEAU,a0C3l00000r4ZaSEAU,https://volunteer.laworks.com/organization/001A000000a9b0aIAA,2026-02-11T17:58:25.842505
Pantry Distribution at SOVA Food Pantry â€¢ Pico Blvd (at Robertson Blvd),Jewish Family Service of Los Angeles,"Los Angeles, CA 90035",2/12/26,9:00 AM,4.5 hours,2026-02-12T09:00:00Z,10 miles,Volunteer Opportunity,https://volunteer.laworks.com/opportunity/a0CQg0000AxWN4IMQW,a0CQg0000AxWN4IMQW,https://volunteer.laworks.com/organization/001A000000a9ah1IAA,2026-02-11T17:58:25.860337
American Red Cross - Disaster Duty Officer - San Gabriel & Pomona Valleys,American Red Cross Los Angeles Region,"Arcadia, CA 91007",Ongoing,,,2024-01-24T00:01:00Z,10 miles,Volunteer Opportunity,https://volunteer.laworks.com/opportunity/a0CQg00001704NFMAY,a0CQg00001704NFMAY,https://volunteer.laworks.com/organization/001A000000a9b0aIAA,2026-02-11T17:58:25.874099
Fight Hunger & Food Waste at the Studio City Farmers Market on Sundays!,Food Forward,"Los Angeles, CA 91604",Ongoing,,,2022-07-13T00:01:00Z,10 miles,Volunteer Opportunity,https://volunteer.laworks.com/opportunity/a0C3l00000r4CQ5EAM,a0C3l00000r4CQ5EAM,https://volunteer.laworks.com/organization/001A000000ixpvaIAA,2026-02-11T17:58:25.893691
Red Cross: Service to the Armed Forces Presenter - San Gabriel & Pomona Valleys,American Red Cross Los Angeles Region,"Arcadia, CA 91007",Ongoing,,,2023-12-19T00:01:00Z,10 miles,Volunteer Opportunity,https://volunteer.laworks.com/opportunity/a0CQg00000moUldMAE,a0CQg00000moUldMAE,https://volunteer.laworks.com/organization/001A000000a9b0aIAA,2026-02-11T17:58:25.913410
Baby2Baby Winter Internship 2025 | Program Intern,Baby2Baby,"Los Angeles, CA 90016",12/19/26,9:00 AM,9 hours,2026-12-19T09:00:00Z,10 miles,Volunteer Opportunity,https://volunteer.laworks.com/opportunity/a0CQg00009eOb1EMAS,a0CQg00009eOb1EMAS,https://volunteer.laworks.com/organization/001A000000a9b2lIAA,2026-02-11T17:58:25.931555
SPRUCE IT UP: Revitalize TreePeople Park,TreePeople,"Beverly Hills, CA 90210",2/14/26,9:00 AM,3 hours,2026-02-14T09:00:00Z,11 miles,Volunteer Opportunity,https://volunteer.laworks.com/opportunity/a0CQg0000AWUNEUMQ5,a0CQg0000AWUNEUMQ5,https://volunteer.laworks.com/organization/001A000000a9aOiIAI,2026-02-11T17:58:25.949957
Compost Hub Support: CultivaLA Farm,LA Compost,"South El Monte, CA 91733",2/13/26,8:30 AM,3.5 hours,2026-02-13T08:30:00Z,11 miles,Volunteer Opportunity,https://volunteer.laworks.com/opportunity/a0CQg0000AUle5VMQR,a0CQg0000AUle5VMQR,https://volunteer.laworks.com/organization/0013l00002UlHqzAAF,2026-02-11T17:58:25.968783
Stage and Furnish Homes for Families Displaced by the LA Fires,A Sense of Home,"El Monte, CA 91731",2/12/26,10:00 AM,2.5 hours,2026-02-12T10:00:00Z,11 miles,Special Event,https://volunteer.laworks.com/opportunity/a0CQg0000AGF1CGMQ1,a0CQg0000AGF1CGMQ1,https://volunteer.laworks.com/organization/0011N00001euJ2jQAE,2026-02-11T17:58:25.986414
Fight Food Waste at the Culver City Farmers Market on Tuesdays!,Food Forward,"Culver City, CA 90232",Ongoing,,,2024-02-23T00:01:00Z,11 miles,Volunteer Opportunity,https://volunteer.laworks.com/opportunity/a0CQg00001OhBBbMAN,a0CQg00001OhBBbMAN,https://volunteer.laworks.com/organization/001A000000ixpvaIAA,2026-02-11T17:58:26.001345
February 2026 Community Garden Day at 99th Street Elementary,Garden School Foundation,"Los Angeles, CA 90002",2/28/26,9:00 AM,3 hours,2026-02-28T09:00:00Z,11 miles,Volunteer Opportunity,https://volunteer.laworks.com/opportunity/a0CQg0000ASl9T8MQJ,a0CQg0000ASl9T8MQJ,https://volunteer.laworks.com/organization/001A000000qjVDoIAM,2026-02-11T17:58:26.017885
MudTown Farms Volunteer Days,Watts Labor Community Action Committee,"Los Angeles, CA 90002",2/14/26,7:30 AM,3.5 hours,2026-02-14T07:30:00Z,11 miles,Volunteer Opportunity,https://volunteer.laworks.com/opportunity/a0CQg00005pR8IFMA0,a0CQg00005pR8IFMA0,https://volunteer.laworks.com/organization/001A000000a9afnIAA,2026-02-11T17:58:26.033861
Support an Edible School Garden,Arroyo Farm Lab,"El Monte, CA 91732",3/21/26,9:00 AM,3 hours,2026-03-21T09:00:00Z,12 miles,Volunteer Opportunity,https://volunteer.laworks.com/opportunity/a0CQg0000B09aNBMQY,a0CQg0000B09aNBMQY,https://volunteer.laworks.com/organization/0013l00002d3IRdAAM,2026-02-11T17:58:26.049131
Volunteer with Freedom Farms,Partnership for Growth Los Angeles,"Los Angeles, CA 90047",2/13/26,10:00 AM,3 hours,2026-02-13T10:00:00Z,12 miles,Volunteer Opportunity,https://volunteer.laworks.com/opportunity/a0CQg0000ARwEsaMQF,a0CQg0000ARwEsaMQF,https://volunteer.laworks.com/organization/001Qg00000RDH3XIAX,2026-02-11T17:58:26.064746
BE A KID AGAIN: Game Night with Midnight Mission's Youth,The Midnight Mission,"Inglewood, CA 90302",2/17/26,6:30 PM,1.75 hours,2026-02-17T18:30:00Z,12 miles,Volunteer Opportunity,https://volunteer.laworks.com/opportunity/a0CQg00009yqtqKMAQ,a0CQg00009yqtqKMAQ,https://volunteer.laworks.com/organization/001A000000a9aPCIAY,2026-02-11T17:58:26.080667
Share the Warmth: Blanket Donation Drive,L.A. Family Housing,"Los Angeles, CA 91605",Ongoing,,,2025-06-05T00:01:00Z,12 miles,Volunteer Opportunity,https://volunteer.laworks.com/opportunity/a0CQg00007FgL14MAF,a0CQg00007FgL14MAF,https://volunteer.laworks.com/organization/001A000000a9a2hIAA,2026-02-11T17:58:26.093700
MudTown Farms Free Produce Giveaway at Watts Labor Community Action Committee,Watts Labor Community Action Committee,"Los Angeles, CA 90059",2/18/26,7:30 AM,3 hours,2026-02-18T07:30:00Z,12 miles,Special Event,https://volunteer.laworks.com/opportunity/a0CQg00005pRI3nMAG,a0CQg00005pRI3nMAG,https://volunteer.laworks.com/organization/001A000000a9afnIAA,2026-02-11T17:58:26.110829
Game Nights in North Hollywood (Volunteer Training Req.),L.A. Family Housing,"Los Angeles, CA 91605",2/11/26,6:00 AM,13.5 hours,2026-02-11T06:00:00Z,12 miles,Volunteer Opportunity,https://volunteer.laworks.com/opportunity/a0CQg0000AUbYceMQF,a0CQg0000AUbYceMQF,https://volunteer.laworks.com/organization/001A000000a9a2hIAA,2026-02-11T17:58:26.126516
Assemble Food Packages for Families!,Los Angeles Regional Food Bank,"City of Industry, CA 90601",Ongoing,,,2025-01-08T00:01:00Z,12 miles,Special Event,https://volunteer.laworks.com/opportunity/a0CQg0000516UZnMAM,a0CQg0000516UZnMAM,https://volunteer.laworks.com/organization/001A000000a9aOgIAI,2026-02-11T17:58:26.139825
Volunteer at American Red Cross Blood Drives (No Blood Drawing) - Culver City,American Red Cross Los Angeles Region,"Culver City, CA 90230",Ongoing,,,2025-09-19T00:01:00Z,13 miles,Volunteer Opportunity,https://volunteer.laworks.com/opportunity/a0CQg00008uOvo1MAC,a0CQg00008uOvo1MAC,https://volunteer.laworks.com/organization/001A000000a9b0aIAA,2026-02-11T17:58:26.153029
Project Leaders: Help Support an Art Fair in Inglewood,Elevate Culture Corporation,"Inglewood, CA 90305",2/27/26,9:30 AM,4.5 hours,2026-02-27T09:30:00Z,13 miles,Special Event,https://volunteer.laworks.com/opportunity/a0CQg0000B26bZgMQI,a0CQg0000B26bZgMQI,https://volunteer.laworks.com/organization/0013l00002eyVheAAE,2026-02-11T17:58:26.168264
Help Support an Art Fair in Inglewood,Elevate Culture Corporation,"Inglewood, CA 90305",2/27/26,9:30 AM,4.5 hours,2026-02-27T09:30:00Z,13 miles,Special Event,https://volunteer.laworks.com/opportunity/a0CQg0000B1F165MQC,a0CQg0000B1F165MQC,https://volunteer.laworks.com/organization/0013l00002eyVheAAE,2026-02-11T17:58:26.183342
ReMATRIATION Day: Give Love Back to the Land This Valentine's Weekend,Sunland-Tujunga Forward,"Los Angeles, CA 91042",2/15/26,9:30 AM,3 hours,2026-02-15T09:30:00Z,13 miles,Volunteer Opportunity,https://volunteer.laworks.com/opportunity/a0CQg0000AuSXgcMQG,a0CQg0000AuSXgcMQG,https://volunteer.laworks.com/organization/001Qg00000KSn5WIAT,2026-02-11T17:58:26.216488
PS Science Service Squad,PS Science,"Inglewood, CA 90301",2/14/26,9:30 AM,2 hours,2026-02-14T09:30:00Z,14 miles,Volunteer Opportunity,https://volunteer.laworks.com/opportunity/a0CQg00008PW0O4MAL,a0CQg00008PW0O4MAL,https://volunteer.laworks.com/organization/0011N00001hObGMQA0,2026-02-11T17:58:26.233279
"American Red Cross -Disaster Action Team- Glendale, Pomona, San Gabriel Valley",American Red Cross Los Angeles Region,"Los Angeles, CA 90025",Ongoing,,,2022-09-14T00:01:00Z,14 miles,Volunteer Opportunity,https://volunteer.laworks.com/opportunity/a0C3l00000r52Q7EAI,a0C3l00000r52Q7EAI,https://volunteer.laworks.com/organization/001A000000a9b0aIAA,2026-02-11T17:58:26.247025
Fight Food Waste at the Mar Vista Farmers Market on Sundays!,Food Forward,"Los Angeles, CA 90066",Ongoing,,,2022-04-06T00:01:00Z,14 miles,Volunteer Opportunity,https://volunteer.laworks.com/opportunity/a0C3l00000ojfPsEAI,a0C3l00000ojfPsEAI,https://volunteer.laworks.com/organization/001A000000ixpvaIAA,2026-02-11T17:58:26.260907
Compost Hub Support: Cottonwood Urban Farm,LA Compost,"Los Angeles, CA 91402",2/25/26,12:30 PM,1.5 hours,2026-02-25T12:30:00Z,14 miles,Volunteer Opportunity,https://volunteer.laworks.com/opportunity/a0CQg0000AUlNEPMQ3,a0CQg0000AUlNEPMQ3,https://volunteer.laworks.com/organization/0013l00002UlHqzAAF,2026-02-11T17:58:26.276863
Emerson Avenue Community Garden Community Volunteer Day,Emerson Avenue Community Garden,"Los Angeles, CA 90045",3/7/26,9:00 AM,3.5 hours,2026-03-07T09:00:00Z,14 miles,Volunteer Opportunity,https://volunteer.laworks.com/opportunity/a0CQg0000AJ8cCKMQZ,a0CQg0000AJ8cCKMQZ,https://volunteer.laworks.com/organization/0013l00002Y6NpdAAF,2026-02-11T17:58:26.293095
Classroom Volunteer,Girls Inc. of Los Angeles,"Los Angeles, CA 90003",2/12/26,1:30 PM,2 hours,2026-02-12T13:30:00Z,14 miles,Volunteer Opportunity,https://volunteer.laworks.com/opportunity/a0CQg0000AZCTbsMQH,a0CQg0000AZCTbsMQH,https://volunteer.laworks.com/organization/0013l00002gqXTTAA2,2026-02-11T17:58:26.308929
"Red Cross: Local Disaster Response Volunteer - SFV, Santa Clarita, Antelope V",American Red Cross Los Angeles Region,"Los Angeles, CA 91411",Ongoing,,,2024-01-29T00:01:00Z,14 miles,Volunteer Opportunity,https://volunteer.laworks.com/opportunity/a0CQg000019KePiMAK,a0CQg000019KePiMAK,https://volunteer.laworks.com/organization/001A000000a9b0aIAA,2026-02-11T17:58:26.322292
"American Red Cross - Disaster Duty Officer - San Fernando, Santa Clarita & AV",American Red Cross Los Angeles Region,"Los Angeles, CA 91411",Ongoing,,,2024-01-24T00:01:00Z,14 miles,Volunteer Opportunity,https://volunteer.laworks.com/opportunity/a0CQg000016ztYiMAI,a0CQg000016ztYiMAI,https://volunteer.laworks.com/organization/001A000000a9b0aIAA,2026-02-11T17:58:26.341953
American Red Cross - Disaster Duty Officer - Metro and Southeast Los Angeles,American Red Cross Los Angeles Region,"Los Angeles, CA 90021",Ongoing,,,2024-01-24T00:01:00Z,15 miles,Volunteer Opportunity,https://volunteer.laworks.com/opportunity/a0CQg000016zCrrMAE,a0CQg000016zCrrMAE,https://volunteer.laworks.com/organization/001A000000a9b0aIAA,2026-02-11T17:58:26.357375
Garden Harvest at S.O.W Collective's Arleta Farm,Shift Our Ways Collective,"Los Angeles, CA 91331",2/18/26,2:00 PM,3 hours,2026-02-18T14:00:00Z,15 miles,Volunteer Opportunity,https://volunteer.laworks.com/opportunity/a0CQg00009OrVTNMA3,a0CQg00009OrVTNMA3,https://volunteer.laworks.com/organization/001Qg00000FJKIZIA5,2026-02-11T17:58:26.375155
Volunteers Needed for WeSPARK Cancer Support Center's RUN/WALK 5K/10K,WeSPARK Cancer Support Center,"Los Angeles, CA 91316",2/22/26,6:30 AM,5.5 hours,2026-02-22T06:30:00Z,16 miles,Volunteer Opportunity,https://volunteer.laworks.com/opportunity/a0CQg0000AmwrZSMQY,a0CQg0000AmwrZSMQY,https://volunteer.laworks.com/organization/001A000000a9b3YIAQ,2026-02-11T17:58:26.393825
Foster a Rescue Dog!,Ace of Hearts,"Los Angeles, CA 90049",Ongoing,,,2026-01-28T00:01:00Z,16 miles,Volunteer Opportunity,https://volunteer.laworks.com/opportunity/a0CQg0000AupHbMMQU,a0CQg0000AupHbMMQU,https://volunteer.laworks.com/organization/0011N00001nuU4wQAE,2026-02-11T17:58:26.410138
Empower Futures with Chrysalis in San Fernando Valley!,Chrysalis,"Los Angeles, CA 91331",Ongoing,,,2026-01-27T00:01:00Z,16 miles,Volunteer Opportunity,https://volunteer.laworks.com/opportunity/a0CQg0000Aup90hMQA,a0CQg0000Aup90hMQA,https://volunteer.laworks.com/organization/001A000000a9aR7IAI,2026-02-11T17:58:26.424935
Ballona Wetlands Habitat Stewardship,Ballona Wetlands Land Trust,"Marina del Rey, CA 90292",2/14/26,9:00 AM,2 hours,2026-02-14T09:00:00Z,16 miles,Volunteer Opportunity,https://volunteer.laworks.com/opportunity/a0CQg0000AWUYoPMQX,a0CQg0000AWUYoPMQX,https://volunteer.laworks.com/organization/001A000000a9aPbIAI,2026-02-11T17:58:26.441557
Empowering Women: Be a Mentor with CLARE Matrix Workshop,CLARE Foundation,"Santa Monica, CA 90405",2/21/26,10:00 AM,1.5 hours,2026-02-21T10:00:00Z,16 miles,Volunteer Opportunity,https://volunteer.laworks.com/opportunity/a0CQg0000Awdr5JMQQ,a0CQg0000Awdr5JMQQ,https://volunteer.laworks.com/organization/0011N00001VatNgQAJ,2026-02-11T17:58:26.459377
Empower Futures with Chrysalis in Santa Monica!,Chrysalis,"Santa Monica, CA 90404",Ongoing,,,2026-01-27T00:01:00Z,16 miles,Volunteer Opportunity,https://volunteer.laworks.com/opportunity/a0CQg0000AupHSuMQM,a0CQg0000AupHSuMQM,https://volunteer.laworks.com/organization/001A000000a9aR7IAI,2026-02-11T17:58:26.473993
American Red Cross - Disaster Duty Officer - West Los Angeles,American Red Cross Los Angeles Region,"Santa Monica, CA 90401",Ongoing,,,2024-01-04T00:01:00Z,16 miles,Volunteer Opportunity,https://volunteer.laworks.com/opportunity/a0CQg00000u4zCtMAI,a0CQg00000u4zCtMAI,https://volunteer.laworks.com/organization/001A000000a9b0aIAA,2026-02-11T17:58:26.487378
American Red Cross - Disaster Action Team Volunteer,American Red Cross Los Angeles Region,"Santa Monica, CA 90401",Ongoing,,,2024-01-04T00:01:00Z,16 miles,Volunteer Opportunity,https://volunteer.laworks.com/opportunity/a0CQg00000ufyjQMAQ,a0CQg00000ufyjQMAQ,https://volunteer.laworks.com/organization/001A000000a9b0aIAA,2026-02-11T17:58:26.501146
"Red Cross: Local Disaster Response Volunteer - Santa Monica, West Los Angeles",American Red Cross Los Angeles Region,"Santa Monica, CA 90401",Ongoing,,,2024-01-24T00:01:00Z,16 miles,Volunteer Opportunity,https://volunteer.laworks.com/opportunity/a0CQg000019MRbAMAW,a0CQg000019MRbAMAW,https://volunteer.laworks.com/organization/001A000000a9b0aIAA,2026-02-11T17:58:26.515765
CareerSpring Advisors - Multiple Virtual Options,CareerSpring,"Santa Monica, CA 90402",Ongoing,,,2024-09-26T00:01:00Z,16 miles,Volunteer Opportunity,https://volunteer.laworks.com/opportunity/a0CQg00003ZItOZMA1,a0CQg00003ZItOZMA1,https://volunteer.laworks.com/organization/001Qg00000HQGk9IAH,2026-02-11T17:58:26.529713
Support Women Through Mentoring,Harvest Home,"Santa Monica, CA 90403",3/21/26,10:30 AM,1.5 hours,2026-03-21T10:30:00Z,17 miles,Volunteer Opportunity,https://volunteer.laworks.com/opportunity/a0CQg0000B6t7HWMQY,a0CQg0000B6t7HWMQY,https://volunteer.laworks.com/organization/0011N00001L3dBpQAJ,2026-02-11T17:58:26.546085
Fight Food Waste at the Encino Farmers Market on Sundays!,Food Forward,"Los Angeles, CA 91406",Ongoing,,,2023-05-14T00:01:00Z,17 miles,Volunteer Opportunity,https://volunteer.laworks.com/opportunity/a0C3l00000tWGW2EAO,a0C3l00000tWGW2EAO,https://volunteer.laworks.com/organization/001A000000ixpvaIAA,2026-02-11T17:58:26.561156
Harvest Fruit and Fight Hunger in West Los Angeles!,Food Forward,"Santa Monica, CA 90401",Ongoing,,,2024-02-22T00:01:00Z,17 miles,Volunteer Opportunity,https://volunteer.laworks.com/opportunity/a0CQg00001O2Gw4MAF,a0CQg00001O2Gw4MAF,https://volunteer.laworks.com/organization/001A000000ixpvaIAA,2026-02-11T17:58:26.574932
Fight Food Waste at the Santa Monica Farmers Market on Wednesdays!,Food Forward,"Santa Monica, CA 90401",Ongoing,,,2024-02-23T00:01:00Z,17 miles,Volunteer Opportunity,https://volunteer.laworks.com/opportunity/a0CQg00001Oh2S0MAJ,a0CQg00001Oh2S0MAJ,https://volunteer.laworks.com/organization/001A000000ixpvaIAA,2026-02-11T17:58:26.587871
March 2026 Community Garden Day at Annalee Elementary,Garden School Foundation,"Carson, CA 90746",3/7/26,9:00 AM,3 hours,2026-03-07T09:00:00Z,18 miles,Volunteer Opportunity,https://volunteer.laworks.com/opportunity/a0CQg0000B3uLwuMQE,a0CQg0000B3uLwuMQE,https://volunteer.laworks.com/organization/001A000000qjVDoIAM,2026-02-11T17:58:26.602824
Palisades Resource Fair to Help Fire-Impacted Individuals,L.A. Works - Disaster Recovery,"Los Angeles, CA 90272",4/10/26,12:00 PM,3 hours,2026-04-10T12:00:00Z,18 miles,Special Event,https://volunteer.laworks.com/opportunity/a0CQg00009J319hMAB,a0CQg00009J319hMAB,https://volunteer.laworks.com/organization/001Qg00000QgVmrIAF,2026-02-11T17:58:26.617985
PTSD Mental Health Program for Disaster Survivors,National Emergency Child Care Network,"Los Angeles, CA 90001",Ongoing,,,2025-11-11T00:01:00Z,19 miles,Special Event,https://volunteer.laworks.com/opportunity/a0CQg00009eJkyQMAS,a0CQg00009eJkyQMAS,https://volunteer.laworks.com/organization/001Qg00000Nf5JWIAZ,2026-02-11T17:58:26.631316
Urban Farm Workday at S.O.W Collective's Reseda Garden,Shift Our Ways Collective,"Los Angeles, CA 91335",2/12/26,2:00 PM,3 hours,2026-02-12T14:00:00Z,20 miles,Volunteer Opportunity,https://volunteer.laworks.com/opportunity/a0CQg00009OrXRsMAN,a0CQg00009OrXRsMAN,https://volunteer.laworks.com/organization/001Qg00000FJKIZIA5,2026-02-11T17:58:26.646412
Fight Hunger & Food Waste at the Torrance Farmers Market on Tuesdays!,Food Forward,"Torrance, CA 90501",Ongoing,,,2022-03-30T00:01:00Z,20 miles,Volunteer Opportunity,https://volunteer.laworks.com/opportunity/a0C3l00000ojWz6EAE,a0C3l00000ojWz6EAE,https://volunteer.laworks.com/organization/001A000000ixpvaIAA,2026-02-11T17:58:26.661302
Fight Food Waste at the Torrance Farmers Market on Saturdays!,Food Forward,"Torrance, CA 90501",Ongoing,,,2024-02-23T00:01:00Z,20 miles,Volunteer Opportunity,https://volunteer.laworks.com/opportunity/a0CQg00001OgmIcMAJ,a0CQg00001OgmIcMAJ,https://volunteer.laworks.com/organization/001A000000ixpvaIAA,2026-02-11T17:58:26.674150
Parent Committee Volunteer,5-Eleven Hoops,"Long Beach, CA 90807",Ongoing,,,2026-01-28T00:01:00Z,21 miles,Volunteer Opportunity,https://volunteer.laworks.com/opportunity/a0CQg0000Avi6v1MQA,a0CQg0000Avi6v1MQA,https://volunteer.laworks.com/organization/0013l00002MQHwlAAH,2026-02-11T17:58:26.687520
Content Creator (Volunteer),5-Eleven Hoops,"Long Beach, CA 90807",Ongoing,,,2026-01-28T00:01:00Z,21 miles,Volunteer Opportunity,https://volunteer.laworks.com/opportunity/a0CQg0000Avhp6ZMQQ,a0CQg0000Avhp6ZMQQ,https://volunteer.laworks.com/organization/0013l00002MQHwlAAH,2026-02-11T17:58:26.700742
Assistant Adult Basketball Coach in Long Beach,5-Eleven Hoops,"Long Beach, CA 90807",2/17/26,1:30 PM,2 hours,2026-02-17T13:30:00Z,21 miles,Volunteer Opportunity,https://volunteer.laworks.com/opportunity/a0CQg0000AaG6PiMQK,a0CQg0000AaG6PiMQK,https://volunteer.laworks.com/organization/0013l00002MQHwlAAH,2026-02-11T17:58:26.715969
Youth Basketball Evening Program Volunteer â€“ Long Beach,5-Eleven Hoops,"Long Beach, CA 90807",2/17/26,5:00 PM,2 hours,2026-02-17T17:00:00Z,21 miles,Volunteer Opportunity,https://volunteer.laworks.com/opportunity/a0CQg0000Amsq5wMQA,a0CQg0000Amsq5wMQA,https://volunteer.laworks.com/organization/0013l00002MQHwlAAH,2026-02-11T17:58:26.731708
Adult Pickleball Volunteer â€“ Wednesday Afternoons,5-Eleven Hoops,"Long Beach, CA 90807",2/18/26,1:30 PM,2 hours,2026-02-18T13:30:00Z,21 miles,Volunteer Opportunity,https://volunteer.laworks.com/opportunity/a0CQg0000AaGBHFMQ4,a0CQg0000AaGBHFMQ4,https://volunteer.laworks.com/organization/0013l00002MQHwlAAH,2026-02-11T17:58:26.747058
"Tutor Underserved Children ""Help a Child Learn""",Joseph Learning Lab,"Long Beach, CA 90755",Ongoing,,,2025-10-01T00:01:00Z,21 miles,Volunteer Opportunity,https://volunteer.laworks.com/opportunity/a0CQg00008nVwBdMAK,a0CQg00008nVwBdMAK,https://volunteer.laworks.com/organization/001A000001SN7LzIAL,2026-02-11T17:58:26.761875
American Red Cross - Disaster Duty Officer - Long Beach and South Bay,American Red Cross Los Angeles Region,"Long Beach, CA 90806",Ongoing,,,2024-01-24T00:01:00Z,21 miles,Volunteer Opportunity,https://volunteer.laworks.com/opportunity/a0CQg000016zymeMAA,a0CQg000016zymeMAA,https://volunteer.laworks.com/organization/001A000000a9b0aIAA,2026-02-11T17:58:26.775129
Christys Foundation Food Relief Program,Christys Foundation,"Los Angeles, CA 91324",2/12/26,10:00 AM,4 hours,2026-02-12T10:00:00Z,21 miles,Special Event,https://volunteer.laworks.com/opportunity/a0CQg00009JpvKXMAZ,a0CQg00009JpvKXMAZ,https://volunteer.laworks.com/organization/001Qg00000O1wc2IAB,2026-02-11T17:58:26.791584
Red Cross: Local Disaster Response Volunteer - Long Beach and South Bay,American Red Cross Los Angeles Region,"Long Beach, CA 90806",Ongoing,,,2024-01-24T00:01:00Z,21 miles,Volunteer Opportunity,https://volunteer.laworks.com/opportunity/a0CQg000019MR3hMAG,a0CQg000019MR3hMAG,https://volunteer.laworks.com/organization/001A000000a9b0aIAA,2026-02-11T17:58:26.805357
Make Cards for Senior Citizens - Easy and Fun Kids or Adults - Joy Card Project,Joy Card Project - Make Cards for Seniors,Joy Card Project - Make Cards for Seniors (Virtual),Ongoing,,,2024-12-19T00:01:00Z,0 miles,Special Event,https://volunteer.laworks.com/opportunity/a0CQg00004k0t8PMAQ,a0CQg00004k0t8PMAQ,https://volunteer.laworks.com/organization/001Qg00000MbO8LIAV,2026-02-11T17:58:26.818398
Blood Drive Volunteer (No Blood Drawing) - Pomona,American Red Cross Los Angeles Region,"Pomona, CA 91768",Ongoing,,,2022-12-14T00:01:00Z,24 miles,Volunteer Opportunity,https://volunteer.laworks.com/opportunity/a0C3l00000r6VjfEAE,a0C3l00000r6VjfEAE,https://volunteer.laworks.com/organization/001A000000a9b0aIAA,2026-02-11T17:58:26.837519
Personal Shopper: Assist Clients in Selecting Items from Women's Center,Thaddeus Resource Center,"La Verne, CA 91750",Ongoing,,,2024-11-18T00:01:00Z,25 miles,Volunteer Opportunity,https://volunteer.laworks.com/opportunity/a0CQg00004IaY51MAF,a0CQg00004IaY51MAF,https://volunteer.laworks.com/organization/001Qg000003lvdqIAA,2026-02-11T17:58:26.852234
Fight Food Waste at the Calabasas Farmers Market on Saturdays!,Food Forward,"Woodland Hills, CA 91302",Ongoing,,,2023-07-01T00:01:00Z,26 miles,Volunteer Opportunity,https://volunteer.laworks.com/opportunity/a0C3l00000u6HkyEAE,a0C3l00000u6HkyEAE,https://volunteer.laworks.com/organization/001A000000ixpvaIAA,2026-02-11T17:58:26.865674
Rooted in Earth. A Soil Day at Lopez Urban Farm ðŸŒ±ðŸŒ³ðŸ’§ðŸ‘©â€ðŸŒ¾ðŸŽ¬,Breathe Southern California (Breathe SoCal),"Pomona, CA 91766",2/28/26,8:30 AM,4 hours,2026-02-28T08:30:00Z,27 miles,Volunteer Opportunity,https://volunteer.laworks.com/opportunity/a0CQg0000Ag7iNbMQI,a0CQg0000Ag7iNbMQI,https://volunteer.laworks.com/organization/001A000000a9akSIAQ,2026-02-11T17:58:26.894235
Restore Vital San Pedro Plant Habitat,Palos Verdes Peninsula Land Conservancy,"Los Angeles, CA 90731",2/22/26,9:00 AM,3 hours,2026-02-22T09:00:00Z,28 miles,Volunteer Opportunity,https://volunteer.laworks.com/opportunity/a0CQg0000AYMJZfMQP,a0CQg0000AYMJZfMQP,https://volunteer.laworks.com/organization/001A000001FA9kmIAD,2026-02-11T17:58:26.910108
Elementary Art Facilitator Intern: Jan-May 2026,Million Little,"Santa Clarita, CA 91355",2/18/26,9:00 AM,7 hours,2026-02-18T09:00:00Z,30 miles,Volunteer Opportunity,https://volunteer.laworks.com/opportunity/a0CQg00009O3pdAMAR,a0CQg00009O3pdAMAR,https://volunteer.laworks.com/organization/001Qg00000WLpt7IAD,2026-02-11T17:58:26.926347
"Support Red Cross Mobile Blood Drives - Volunteer! (Little Rock, CA)",American Red Cross Los Angeles Region,"Littlerock, CA 93543",Ongoing,,,2024-01-24T00:01:00Z,32 miles,Volunteer Opportunity,https://volunteer.laworks.com/opportunity/a0CQg000016zxPfMAI,a0CQg000016zxPfMAI,https://volunteer.laworks.com/organization/001A000000a9b0aIAA,2026-02-11T17:58:26.940783
Be A Camp Counselor this Summer for Transgender/Gender Diverse Youth,The Laurel Foundation,"Big Bear Lake, CA 92314",6/27/26,8:00 AM,13 hours,2026-06-27T08:00:00Z,76 miles,Volunteer Opportunity,https://volunteer.laworks.com/opportunity/a0CQg00001V59VLMAZ,a0CQg00001V59VLMAZ,https://volunteer.laworks.com/organization/001A000000a9abKIAQ,2026-02-11T17:58:26.956697
Online Volunteer Tutor For Grades 2-6 (No experience required),Step Up Tutoring,Virtual (Virtual),Ongoing,,,2023-09-15T00:01:00Z,0 miles,Volunteer Opportunity,https://volunteer.laworks.com/opportunity/a0C3l00000rUiftEAC,a0C3l00000rUiftEAC,https://volunteer.laworks.com/organization/0013l00002HeTSuAAN,2026-02-11T17:58:26.969980
Virtual Volunteer Tutor + Mentor For Grades 2-6 (No experience required),Step Up Tutoring,Virtual (Virtual),Ongoing,,,2023-09-15T00:01:00Z,0 miles,Volunteer Opportunity,https://volunteer.laworks.com/opportunity/a0C3l00000rUifeEAC,a0C3l00000rUifeEAC,https://volunteer.laworks.com/organization/0013l00002HeTSuAAN,2026-02-11T17:58:26.982889
Virtual Afternoon Volunteer Tutor For Grades 2-6 (No experience required),Step Up Tutoring,Virtual (Virtual),Ongoing,,,2023-09-15T00:01:00Z,0 miles,Volunteer Opportunity,https://volunteer.laworks.com/opportunity/a0C3l00000rUifoEAC,a0C3l00000rUifoEAC,https://volunteer.laworks.com/organization/0013l00002HeTSuAAN,2026-02-11T17:58:26.996445
Virtual Morning Volunteer Tutor + Mentor For Grades 2-6 (No experience required),Step Up Tutoring,Virtual (Virtual),Ongoing,,,2023-10-02T00:01:00Z,0 miles,Volunteer Opportunity,https://volunteer.laworks.com/opportunity/a0C3l00000rUifjEAC,a0C3l00000rUifjEAC,https://volunteer.laworks.com/organization/0013l00002HeTSuAAN,2026-02-11T17:58:27.010316
Email Newsletter Researcher/Copywriter,Senior Care Home Entertainment,,Ongoing,,,2020-07-31T00:01:00Z,,Volunteer Opportunity,https://volunteer.laworks.com/opportunity/a0C3l00000iCjNfEAK,a0C3l00000iCjNfEAK,https://volunteer.laworks.com/organization/0013l00002H0ccUAAR,2026-02-11T17:58:27.025015
Disaster Response Program Lead- Glendale * Arcadia * Pomona * San Gabriel Valley,American Red Cross Los Angeles Region,,Ongoing,,,2022-12-21T00:01:00Z,,Special Event,https://volunteer.laworks.com/opportunity/a0C3l00000r6hRWEAY,a0C3l00000r6hRWEAY,https://volunteer.laworks.com/organization/001A000000a9b0aIAA,2026-02-11T17:58:27.039238
American Red Cross: Disaster Preparedness Instructor - San Gabriel Valley/Pomona,American Red Cross Los Angeles Region,,Ongoing,,,2022-12-28T00:01:00Z,,Special Event,https://volunteer.laworks.com/opportunity/a0C3l00000r6hPhEAI,a0C3l00000r6hPhEAI,https://volunteer.laworks.com/organization/001A000000a9b0aIAA,2026-02-11T17:58:27.052875
Empower Futures with Chrysalis in Downtown Los Angeles!,Chrysalis,,Ongoing,,,2026-01-27T00:01:00Z,,Volunteer Opportunity,https://volunteer.laworks.com/opportunity/a0CQg0000AunYAJMQ2,a0CQg0000AunYAJMQ2,https://volunteer.laworks.com/organization/001A000000a9aR7IAI,2026-02-11T17:58:27.065882
